1,secA_q12c,secA_q2 _.Male,secA_q2 _.Female,Total,,,,,,,
2,Yes,64(7.57),74(5.78),138(6.49),,,,,,,
3,No,759(89.82),1192(93.12),1951(91.81),,,,,,,
4,Prefer not to answer,22(2.6),14(1.09),36(1.69),,,,,,,
5,*,*,*,*,,,,,,,
1,secA_q12d,secA_q2,Freq,secA_q12d total,secA_q12d %,secA_q2 total,secA_q2 %,Grand total,Total %,secA_q2 _,row_sum
2,Yes,Male,6,12,50,845,0.71,2125,0.28,6(0.71),12(0.56)
3,No,Male,817,2069,39.49,845,96.69,2125,38.45,817(96.69),2069(97.36)
4,Prefer not to answer,Male,22,44,50,845,2.6,2125,1.04,22(2.6),44(2.07)
5,Yes,Female,6,12,50,1280,0.47,2125,0.28,6(0.47),12(0.56)
6,No,Female,1252,2069,60.51,1280,97.81,2125,58.92,1252(97.81),2069(97.36)
7,Prefer not to answer,Female,22,44,50,1280,1.72,2125,1.04,22(1.72),44(2.07)
8,*,*,*,*,*,*,*,*,*,*,*
1,secA_q12d,secA_q2 _.Male,secA_q2 _.Female,Total,,,,,,,
2,Yes,6(0.71),6(0.47),12(0.56),,,,,,,
3,No,817(96.69),1252(97.81),2069(97.36),,,,,,,
4,Prefer not to answer,22(2.6),22(1.72),44(2.07),,,,,,,
5,*,*,*,*,,,,,,,
1,secA_q12e,secA_q2,Freq,secA_q12e total,secA_q12e %,secA_q2 total,secA_q2 %,Grand total,Total %,secA_q2 _,row_sum
2,Yes,Male,13,40,32.5,845,1.54,2125,0.61,13(1.54),40(1.88)
3,No,Male,809,2039,39.68,845,95.74,2125,38.07,809(95.74),2039(95.95)
4,Prefer not to answer,Male,23,46,50,845,2.72,2125,1.08,23(2.72),46(2.16)
5,Yes,Female,27,40,67.5,1280,2.11,2125,1.27,27(2.11),40(1.88)
6,No,Female,1230,2039,60.32,1280,96.09,2125,57.88,1230(96.09),2039(95.95)
7,Prefer not to answer,Female,23,46,50,1280,1.8,2125,1.08,23(1.8),46(2.16)
8,*,*,*,*,*,*,*,*,*,*,*
1,secA_q12e,secA_q2 _.Male,secA_q2 _.Female,Total,,,,,,,
2,Yes,13(1.54),27(2.11),40(1.88),,,,,,,
3,No,809(95.74),1230(96.09),2039(95.95),,,,,,,
4,Prefer not to answer,23(2.72),23(1.8),46(2.16),,,,,,,
5,*,*,*,*,,,,,,,
1,secA_q12f,secA_q2,Freq,secA_q12f total,secA_q12f %,secA_q2 total,secA_q2 %,Grand total,Total %,secA_q2 _,row_sum
2,Yes,Male,22,52,42.31,845,2.6,2125,1.04,22(2.6),52(2.45)
3,No,Male,802,2029,39.53,845,94.91,2125,37.74,802(94.91),2029(95.48)
4,Prefer not to answer,Male,21,44,47.73,845,2.49,2125,0.99,21(2.49),44(2.07)
5,Yes,Female,30,52,57.69,1280,2.34,2125,1.41,30(2.34),52(2.45)
6,No,Female,1227,2029,60.47,1280,95.86,2125,57.74,1227(95.86),2029(95.48)
7,Prefer not to answer,Female,23,44,52.27,1280,1.8,2125,1.08,23(1.8),44(2.07)
8,*,*,*,*,*,*,*,*,*,*,*
1,secA_q12f,secA_q2 _.Male,secA_q2 _.Female,Total,,,,,,,
2,Yes,22(2.6),30(2.34),52(2.45),,,,,,,
3,No,802(94.91),1227(95.86),2029(95.48),,,,,,,
4,Prefer not to answer,21(2.49),23(1.8),44(2.07),,,,,,,
5,*,*,*,*,,,,,,,
1,secA_q12g,secA_q2,Freq,secA_q12g total,secA_q12g %,secA_q2 total,secA_q2 %,Grand total,Total %,secA_q2 _,row_sum
2,Yes,Male,25,40,62.5,845,2.96,2125,1.18,25(2.96),40(1.88)
3,No,Male,798,2040,39.12,845,94.44,2125,37.55,798(94.44),2040(96)
4,Prefer not to answer,Male,22,45,48.89,845,2.6,2125,1.04,22(2.6),45(2.12)
5,Yes,Female,15,40,37.5,1280,1.17,2125,0.71,15(1.17),40(1.88)
6,No,Female,1242,2040,60.88,1280,97.03,2125,58.45,1242(97.03),2040(96)
7,Prefer not to answer,Female,23,45,51.11,1280,1.8,2125,1.08,23(1.8),45(2.12)
8,*,*,*,*,*,*,*,*,*,*,*
1,secA_q12g,secA_q2 _.Male,secA_q2 _.Female,Total,,,,,,,
2,Yes,25(2.96),15(1.17),40(1.88),,,,,,,
3,No,798(94.44),1242(97.03),2040(96),,,,,,,
4,Prefer not to answer,22(2.6),23(1.8),45(2.12),,,,,,,
5,*,*,*,*,,,,,,,
1,secA_q13,secA_q2,Freq,secA_q13 total,secA_q13 %,secA_q2 total,secA_q2 %,Grand total,Total %,secA_q2 _,row_sum
2,Yes,Male,511,1344,38.02,845,60.47,2125,24.05,511(60.47),1344(63.25)
3,No,Male,334,781,42.77,845,39.53,2125,15.72,334(39.53),781(36.75)
4,Yes,Female,833,1344,61.98,1280,65.08,2125,39.2,833(65.08),1344(63.25)
5,No,Female,447,781,57.23,1280,34.92,2125,21.04,447(34.92),781(36.75)
6,*,*,*,*,*,*,*,*,*,*,*
1,secA_q13,secA_q2 _.Male,secA_q2 _.Female,Total,,,,,,,
2,Yes,511(60.47),833(65.08),1344(63.25),,,,,,,
3,No,334(39.53),447(34.92),781(36.75),,,,,,,
4,*,*,*,*,,,,,,,
1,secB_q14,secA_q2,Freq,secB_q14 total,secB_q14 %,secA_q2 total,secA_q2 %,Grand total,Total %,secA_q2 _,row_sum
2,Yes,Male,0,0,NaN,0,NaN,0,NaN,0(NaN),0(0)
3,No,Male,0,0,NaN,0,NaN,0,NaN,0(NaN),0(0)
4,N/A  (group is not relevant for me),Male,0,0,NaN,0,NaN,0,NaN,0(NaN),0(0)
5,Yes,Female,0,0,NaN,0,NaN,0,NaN,0(NaN),0(0)
6,No,Female,0,0,NaN,0,NaN,0,NaN,0(NaN),0(0)
7,N/A  (group is not relevant for me),Female,0,0,NaN,0,NaN,0,NaN,0(NaN),0(0)
8,*,*,*,*,*,*,*,*,*,*,*
1,secB_q14,secA_q2 _.Male,secA_q2 _.Female,Total,,,,,,,
2,Yes,0(NaN),0(NaN),0(0),,,,,,,
3,No,0(NaN),0(NaN),0(0),,,,,,,
4,N/A  (group is not relevant for me),0(NaN),0(NaN),0(0),,,,,,,
5,*,*,*,*,,,,,,,
1,secB_q14a,secA_q2,Freq,secB_q14a total,secB_q14a %,secA_q2 total,secA_q2 %,Grand total,Total %,secA_q2 _,row_sum
2,Yes,Male,506,1135,44.58,845,59.88,2125,23.81,506(59.88),1135(53.41)
3,No,Male,233,610,38.2,845,27.57,2125,10.96,233(27.57),610(28.71)
4,N/A  (group is not relevant for me),Male,106,380,27.89,845,12.54,2125,4.99,106(12.54),380(17.88)
5,Yes,Female,629,1135,55.42,1280,49.14,2125,29.6,629(49.14),1135(53.41)
6,No,Female,377,610,61.8,1280,29.45,2125,17.74,377(29.45),610(28.71)
7,N/A  (group is not relevant for me),Female,274,380,72.11,1280,21.41,2125,12.89,274(21.41),380(17.88)
8,*,*,*,*,*,*,*,*,*,*,*
1,secB_q14a,secA_q2 _.Male,secA_q2 _.Female,Total,,,,,,,
2,Yes,506(59.88),629(49.14),1135(53.41),,,,,,,
3,No,233(27.57),377(29.45),610(28.71),,,,,,,
4,N/A  (group is not relevant for me),106(12.54),274(21.41),380(17.88),,,,,,,
5,*,*,*,*,,,,,,,
1,secB_q14a_sp,secA_q2,Freq,secB_q14a_sp total,secB_q14a_sp %,secA_q2 total,secA_q2 %,Grand total,Total %,secA_q2 _,row_sum
2,Yes,Male,104,232,44.83,506,20.55,1135,9.16,104(20.55),232(10.92)
3,No,Male,402,903,44.52,506,79.45,1135,35.42,402(79.45),903(42.49)
4,Yes,Female,128,232,55.17,629,20.35,1135,11.28,128(20.35),232(10.92)
5,No,Female,501,903,55.48,629,79.65,1135,44.14,501(79.65),903(42.49)
6,*,*,*,*,*,*,*,*,*,*,*
1,secB_q14a_sp,secA_q2 _.Male,secA_q2 _.Female,Total,,,,,,,
2,Yes,104(20.55),128(20.35),232(10.92),,,,,,,
3,No,402(79.45),501(79.65),903(42.49),,,,,,,
4,*,*,*,*,,,,,,,
1,secB_q14b,secA_q2,Freq,secB_q14b total,secB_q14b %,secA_q2 total,secA_q2 %,Grand total,Total %,secA_q2 _,row_sum
2,Yes,Male,249,814,30.59,845,29.47,2125,11.72,249(29.47),814(38.31)
3,No,Male,457,1049,43.57,845,54.08,2125,21.51,457(54.08),1049(49.36)
4,N/A  (group is not relevant for me),Male,139,262,53.05,845,16.45,2125,6.54,139(16.45),262(12.33)
5,Yes,Female,565,814,69.41,1280,44.14,2125,26.59,565(44.14),814(38.31)
6,No,Female,592,1049,56.43,1280,46.25,2125,27.86,592(46.25),1049(49.36)
7,N/A  (group is not relevant for me),Female,123,262,46.95,1280,9.61,2125,5.79,123(9.61),262(12.33)
8,*,*,*,*,*,*,*,*,*,*,*
1,secB_q14b,secA_q2 _.Male,secA_q2 _.Female,Total,,,,,,,
2,Yes,249(29.47),565(44.14),814(38.31),,,,,,,
3,No,457(54.08),592(46.25),1049(49.36),,,,,,,
4,N/A  (group is not relevant for me),139(16.45),123(9.61),262(12.33),,,,,,,
5,*,*,*,*,,,,,,,
1,secB_q14b_sp,secA_q2,Freq,secB_q14b_sp total,secB_q14b_sp %,secA_q2 total,secA_q2 %,Grand total,Total %,secA_q2 _,row_sum
2,Yes,Male,48,166,28.92,249,19.28,814,5.9,48(19.28),166(7.81)
3,No,Male,201,648,31.02,249,80.72,814,24.69,201(80.72),648(30.49)
4,Yes,Female,118,166,71.08,565,20.88,814,14.5,118(20.88),166(7.81)
5,No,Female,447,648,68.98,565,79.12,814,54.91,447(79.12),648(30.49)
6,*,*,*,*,*,*,*,*,*,*,*
1,secB_q14b_sp,secA_q2 _.Male,secA_q2 _.Female,Total,,,,,,,
2,Yes,48(19.28),118(20.88),166(7.81),,,,,,,
3,No,201(80.72),447(79.12),648(30.49),,,,,,,
4,*,*,*,*,,,,,,,
1,secB_q14c,secA_q2,Freq,secB_q14c total,secB_q14c %,secA_q2 total,secA_q2 %,Grand total,Total %,secA_q2 _,row_sum
2,Yes,Male,419,1132,37.01,845,49.59,2125,19.72,419(49.59),1132(53.27)
3,No,Male,405,946,42.81,845,47.93,2125,19.06,405(47.93),946(44.52)
4,N/A  (group is not relevant for me),Male,21,47,44.68,845,2.49,2125,0.99,21(2.49),47(2.21)
5,Yes,Female,713,1132,62.99,1280,55.7,2125,33.55,713(55.7),1132(53.27)
6,No,Female,541,946,57.19,1280,42.27,2125,25.46,541(42.27),946(44.52)
7,N/A  (group is not relevant for me),Female,26,47,55.32,1280,2.03,2125,1.22,26(2.03),47(2.21)
8,*,*,*,*,*,*,*,*,*,*,*
1,secB_q14c,secA_q2 _.Male,secA_q2 _.Female,Total,,,,,,,
2,Yes,419(49.59),713(55.7),1132(53.27),,,,,,,
3,No,405(47.93),541(42.27),946(44.52),,,,,,,
4,N/A  (group is not relevant for me),21(2.49),26(2.03),47(2.21),,,,,,,
5,*,*,*,*,,,,,,,
1,secB_q14c_sp,secA_q2,Freq,secB_q14c_sp total,secB_q14c_sp %,secA_q2 total,secA_q2 %,Grand total,Total %,secA_q2 _,row_sum
2,Yes,Male,127,359,35.38,419,30.31,1132,11.22,127(30.31),359(16.89)
3,No,Male,292,773,37.77,419,69.69,1132,25.8,292(69.69),773(36.38)
4,Yes,Female,232,359,64.62,713,32.54,1132,20.49,232(32.54),359(16.89)
5,No,Female,481,773,62.23,713,67.46,1132,42.49,481(67.46),773(36.38)
6,*,*,*,*,*,*,*,*,*,*,*
1,secB_q14c_sp,secA_q2 _.Male,secA_q2 _.Female,Total,,,,,,,
2,Yes,127(30.31),232(32.54),359(16.89),,,,,,,
3,No,292(69.69),481(67.46),773(36.38),,,,,,,
4,*,*,*,*,,,,,,,
1,secB_q14d,secA_q2,Freq,secB_q14d total,secB_q14d %,secA_q2 total,secA_q2 %,Grand total,Total %,secA_q2 _,row_sum
2,Yes,Male,307,807,38.04,845,36.33,2125,14.45,307(36.33),807(37.98)
3,No,Male,524,1273,41.16,845,62.01,2125,24.66,524(62.01),1273(59.91)
4,N/A  (group is not relevant for me),Male,14,45,31.11,845,1.66,2125,0.66,14(1.66),45(2.12)
5,Yes,Female,500,807,61.96,1280,39.06,2125,23.53,500(39.06),807(37.98)
6,No,Female,749,1273,58.84,1280,58.52,2125,35.25,749(58.52),1273(59.91)
7,N/A  (group is not relevant for me),Female,31,45,68.89,1280,2.42,2125,1.46,31(2.42),45(2.12)
8,*,*,*,*,*,*,*,*,*,*,*
1,secB_q14d,secA_q2 _.Male,secA_q2 _.Female,Total,,,,,,,
2,Yes,307(36.33),500(39.06),807(37.98),,,,,,,
3,No,524(62.01),749(58.52),1273(59.91),,,,,,,
4,N/A  (group is not relevant for me),14(1.66),31(2.42),45(2.12),,,,,,,
5,*,*,*,*,,,,,,,
1,secB_q14d_sp,secA_q2,Freq,secB_q14d_sp total,secB_q14d_sp %,secA_q2 total,secA_q2 %,Grand total,Total %,secA_q2 _,row_sum
2,Yes,Male,92,282,32.62,307,29.97,807,11.4,92(29.97),282(13.27)
3,No,Male,215,525,40.95,307,70.03,807,26.64,215(70.03),525(24.71)
4,Yes,Female,190,282,67.38,500,38,807,23.54,190(38),282(13.27)
5,No,Female,310,525,59.05,500,62,807,38.41,310(62),525(24.71)
6,*,*,*,*,*,*,*,*,*,*,*
1,secB_q14d_sp,secA_q2 _.Male,secA_q2 _.Female,Total,,,,,,,
2,Yes,92(29.97),190(38),282(13.27),,,,,,,
3,No,215(70.03),310(62),525(24.71),,,,,,,
4,*,*,*,*,,,,,,,
1,secB_q14e,secA_q2,Freq,secB_q14e total,secB_q14e %,secA_q2 total,secA_q2 %,Grand total,Total %,secA_q2 _,row_sum
2,Yes,Male,132,375,35.2,845,15.62,2125,6.21,132(15.62),375(17.65)
3,No,Male,689,1680,41.01,845,81.54,2125,32.42,689(81.54),1680(79.06)
4,N/A  (group is not relevant for me),Male,24,70,34.29,845,2.84,2125,1.13,24(2.84),70(3.29)
5,Yes,Female,243,375,64.8,1280,18.98,2125,11.44,243(18.98),375(17.65)
6,No,Female,991,1680,58.99,1280,77.42,2125,46.64,991(77.42),1680(79.06)
7,N/A  (group is not relevant for me),Female,46,70,65.71,1280,3.59,2125,2.16,46(3.59),70(3.29)
8,*,*,*,*,*,*,*,*,*,*,*
1,secB_q14e,secA_q2 _.Male,secA_q2 _.Female,Total,,,,,,,
2,Yes,132(15.62),243(18.98),375(17.65),,,,,,,
3,No,689(81.54),991(77.42),1680(79.06),,,,,,,
4,N/A  (group is not relevant for me),24(2.84),46(3.59),70(3.29),,,,,,,
5,*,*,*,*,,,,,,,
1,secB_q14e_sp,secA_q2,Freq,secB_q14e_sp total,secB_q14e_sp %,secA_q2 total,secA_q2 %,Grand total,Total %,secA_q2 _,row_sum
2,Yes,Male,61,182,33.52,132,46.21,375,16.27,61(46.21),182(8.56)
3,No,Male,71,193,36.79,132,53.79,375,18.93,71(53.79),193(9.08)
4,Yes,Female,121,182,66.48,243,49.79,375,32.27,121(49.79),182(8.56)
5,No,Female,122,193,63.21,243,50.21,375,32.53,122(50.21),193(9.08)
6,*,*,*,*,*,*,*,*,*,*,*
1,secB_q14e_sp,secA_q2 _.Male,secA_q2 _.Female,Total,,,,,,,
2,Yes,61(46.21),121(49.79),182(8.56),,,,,,,
3,No,71(53.79),122(50.21),193(9.08),,,,,,,
4,*,*,*,*,,,,,,,
"1","secA_q6","secA_q2","Freq","secA_q6 total","secA_q6 %","secA_q2 total","secA_q2 %","Grand total","Total %","secA_q2 _","row_sum"
"2","Yes, my partner(s) is also HIV-positive","Male","407","844","48.22","633","64.3","1452","28.03","407(64.3)","844(39.72)"
"3","No, my partner(s) is not HIV-positive","Male","150","410","36.59","633","23.7","1452","10.33","150(23.7)","410(19.29)"
"4","Unsure about the HIV status of my partner(s)","Male","76","198","38.38","633","12.01","1452","5.23","76(12.01)","198(9.32)"
"5","Yes, my partner(s) is also HIV-positive","Female","437","844","51.78","819","53.36","1452","30.1","437(53.36)","844(39.72)"
"6","No, my partner(s) is not HIV-positive","Female","260","410","63.41","819","31.75","1452","17.91","260(31.75)","410(19.29)"
"7","Unsure about the HIV status of my partner(s)","Female","122","198","61.62","819","14.9","1452","8.4","122(14.9)","198(9.32)"
"8","*","*","*","*","*","*","*","*","*","*","*"
"1","secA_q6","secA_q2 _.Male","secA_q2 _.Female","Total"
"2","Yes, my partner(s) is also HIV-positive","407(64.3)","437(53.36)","844(39.72)"
"3","No, my partner(s) is not HIV-positive","150(23.7)","260(31.75)","410(19.29)"
"4","Unsure about the HIV status of my partner(s)","76(12.01)","122(14.9)","198(9.32)"
"5","*","*","*","*"
"1","secA_q8","secA_q2","Freq","secA_q8 total","secA_q8 %","secA_q2 total","secA_q2 %","Grand total","Total %","secA_q2 _","row_sum"
"2","Yes","Male","95","196","48.47","845","11.24","2125","4.47","95(11.24)","196(9.22)"
"3","No","Male","750","1929","38.88","845","88.76","2125","35.29","750(88.76)","1929(90.78)"
"4","Yes","Female","101","196","51.53","1280","7.89","2125","4.75","101(7.89)","196(9.22)"
"5","No","Female","1179","1929","61.12","1280","92.11","2125","55.48","1179(92.11)","1929(90.78)"
"6","*","*","*","*","*","*","*","*","*","*","*"
"1","secA_q8","secA_q2 _.Male","secA_q2 _.Female","Total"
"2","Yes","95(11.24)","101(7.89)","196(9.22)"
"3","No","750(88.76)","1179(92.11)","1929(90.78)"
"4","*","*","*","*"
"1","secA_q9","secA_q2","Freq","secA_q9 total","secA_q9 %","secA_q2 total","secA_q2 %","Grand total","Total %","secA_q2 _","row_sum"
"2","No formal education","Male","38","149","25.5","845","4.5","2125","1.79","38(4.5)","149(7.01)"
"3","Primary/elementary/local equivalent","Male","266","775","34.32","845","31.48","2125","12.52","266(31.48)","775(36.47)"
"4","Secondary/high school/local equivalent","Male","351","796","44.1","845","41.54","2125","16.52","351(41.54)","796(37.46)"
"5","Trade/vocational school","Male","62","139","44.6","845","7.34","2125","2.92","62(7.34)","139(6.54)"
"6","University/tertiary education","Male","128","266","48.12","845","15.15","2125","6.02","128(15.15)","266(12.52)"
"7","No formal education","Female","111","149","74.5","1280","8.67","2125","5.22","111(8.67)","149(7.01)"
"8","Primary/elementary/local equivalent","Female","509","775","65.68","1280","39.77","2125","23.95","509(39.77)","775(36.47)"
"9","Secondary/high school/local equivalent","Female","445","796","55.9","1280","34.77","2125","20.94","445(34.77)","796(37.46)"
"10","Trade/vocational school","Female","77","139","55.4","1280","6.02","2125","3.62","77(6.02)","139(6.54)"
"11","University/tertiary education","Female","138","266","51.88","1280","10.78","2125","6.49","138(10.78)","266(12.52)"
"12","*","*","*","*","*","*","*","*","*","*","*"
"1","secA_q9","secA_q2 _.Male","secA_q2 _.Female","Total"
"2","No formal education","38(4.5)","111(8.67)","149(7.01)"
"3","Primary/elementary/local equivalent","266(31.48)","509(39.77)","775(36.47)"
"4","Secondary/high school/local equivalent","351(41.54)","445(34.77)","796(37.46)"
"5","Trade/vocational school","62(7.34)","77(6.02)","139(6.54)"
"6","University/tertiary education","128(15.15)","138(10.78)","266(12.52)"
"7","*","*","*","*"
"1","secA_q10","secA_q2","Freq","secA_q10 total","secA_q10 %","secA_q2 total","secA_q2 %","Grand total","Total %","secA_q2 _","row_sum"
"2","In full-time work (as an employee)","Male","94","208","45.19","845","11.12","2125","4.42","94(11.12)","208(9.79)"
"3","In part-time work (as an employee)","Male","114","264","43.18","845","13.49","2125","5.36","114(13.49)","264(12.42)"
"4","Working full-time, but not as an employee (self-employed or business owner)","Male","124","296","41.89","845","14.67","2125","5.84","124(14.67)","296(13.93)"
"5","Doing casual or part-time work (self-employed or paid work for others)","Male","247","601","41.1","845","29.23","2125","11.62","247(29.23)","601(28.28)"
"6","Unemployed","Male","266","756","35.19","845","31.48","2125","12.52","266(31.48)","756(35.58)"
"7","In full-time work (as an employee)","Female","114","208","54.81","1280","8.91","2125","5.36","114(8.91)","208(9.79)"
"8","In part-time work (as an employee)","Female","150","264","56.82","1280","11.72","2125","7.06","150(11.72)","264(12.42)"
"9","Working full-time, but not as an employee (self-employed or business owner)","Female","172","296","58.11","1280","13.44","2125","8.09","172(13.44)","296(13.93)"
"10","Doing casual or part-time work (self-employed or paid work for others)","Female","354","601","58.9","1280","27.66","2125","16.66","354(27.66)","601(28.28)"
"11","Unemployed","Female","490","756","64.81","1280","38.28","2125","23.06","490(38.28)","756(35.58)"
"12","*","*","*","*","*","*","*","*","*","*","*"
"1","secA_q10","secA_q2 _.Male","secA_q2 _.Female","Total"
"2","In full-time work (as an employee)","94(11.12)","114(8.91)","208(9.79)"
"3","In part-time work (as an employee)","114(13.49)","150(11.72)","264(12.42)"
"4","Working full-time, but not as an employee (self-employed or business owner)","124(14.67)","172(13.44)","296(13.93)"
"5","Doing casual or part-time work (self-employed or paid work for others)","247(29.23)","354(27.66)","601(28.28)"
"6","Unemployed","266(31.48)","490(38.28)","756(35.58)"
"7","*","*","*","*"
"1","secA_q11","secA_q2","Freq","secA_q11 total","secA_q11 %","secA_q2 total","secA_q2 %","Grand total","Total %","secA_q2 _","row_sum"
"2","Never","Male","120","333","36.04","845","14.2","2125","5.65","120(14.2)","333(15.67)"
"3","Some of the time","Male","564","1389","40.6","845","66.75","2125","26.54","564(66.75)","1389(65.36)"
"4","Most of the time","Male","161","403","39.95","845","19.05","2125","7.58","161(19.05)","403(18.96)"
"5","Never","Female","213","333","63.96","1280","16.64","2125","10.02","213(16.64)","333(15.67)"
"6","Some of the time","Female","825","1389","59.4","1280","64.45","2125","38.82","825(64.45)","1389(65.36)"
"7","Most of the time","Female","242","403","60.05","1280","18.91","2125","11.39","242(18.91)","403(18.96)"
"8","*","*","*","*","*","*","*","*","*","*","*"
"1","secA_q11","secA_q2 _.Male","secA_q2 _.Female","Total"
"2","Never","120(14.2)","213(16.64)","333(15.67)"
"3","Some of the time","564(66.75)","825(64.45)","1389(65.36)"
"4","Most of the time","161(19.05)","242(18.91)","403(18.96)"
"5","*","*","*","*"
"1","secA_q12","secA_q2","Freq","secA_q12 total","secA_q12 %","secA_q2 total","secA_q2 %","Grand total","Total %","secA_q2 _","row_sum"
"2","Yes","Male","0","0","NaN","0","NaN","0","NaN","0(NaN)","0(0)"
"3","No","Male","0","0","NaN","0","NaN","0","NaN","0(NaN)","0(0)"
"4","Prefer not to answer","Male","0","0","NaN","0","NaN","0","NaN","0(NaN)","0(0)"
"5","Yes","Female","0","0","NaN","0","NaN","0","NaN","0(NaN)","0(0)"
"6","No","Female","0","0","NaN","0","NaN","0","NaN","0(NaN)","0(0)"
"7","Prefer not to answer","Female","0","0","NaN","0","NaN","0","NaN","0(NaN)","0(0)"
"8","*","*","*","*","*","*","*","*","*","*","*"
"1","secA_q12","secA_q2 _.Male","secA_q2 _.Female","Total"
"2","Yes","0(NaN)","0(NaN)","0(0)"
"3","No","0(NaN)","0(NaN)","0(0)"
"4","Prefer not to answer","0(NaN)","0(NaN)","0(0)"
"5","*","*","*","*"
"1","secA_q12a","secA_q2","Freq","secA_q12a total","secA_q12a %","secA_q2 total","secA_q2 %","Grand total","Total %","secA_q2 _","row_sum"
"2","Yes","Male","171","470","36.38","845","20.24","2125","8.05","171(20.24)","470(22.12)"
"3","No","Male","657","1622","40.51","845","77.75","2125","30.92","657(77.75)","1622(76.33)"
"4","Prefer not to answer","Male","17","33","51.52","845","2.01","2125","0.8","17(2.01)","33(1.55)"
"5","Yes","Female","299","470","63.62","1280","23.36","2125","14.07","299(23.36)","470(22.12)"
"6","No","Female","965","1622","59.49","1280","75.39","2125","45.41","965(75.39)","1622(76.33)"
"7","Prefer not to answer","Female","16","33","48.48","1280","1.25","2125","0.75","16(1.25)","33(1.55)"
"8","*","*","*","*","*","*","*","*","*","*","*"
"1","secA_q12a","secA_q2 _.Male","secA_q2 _.Female","Total"
"2","Yes","171(20.24)","299(23.36)","470(22.12)"
"3","No","657(77.75)","965(75.39)","1622(76.33)"
"4","Prefer not to answer","17(2.01)","16(1.25)","33(1.55)"
"5","*","*","*","*"
"1","secA_q12b","secA_q2","Freq","secA_q12b total","secA_q12b %","secA_q2 total","secA_q2 %","Grand total","Total %","secA_q2 _","row_sum"
"2","Yes","Male","32","95","33.68","845","3.79","2125","1.51","32(3.79)","95(4.47)"
"3","No","Male","784","1979","39.62","845","92.78","2125","36.89","784(92.78)","1979(93.13)"
"4","Prefer not to answer","Male","29","51","56.86","845","3.43","2125","1.36","29(3.43)","51(2.4)"
"5","Yes","Female","63","95","66.32","1280","4.92","2125","2.96","63(4.92)","95(4.47)"
"6","No","Female","1195","1979","60.38","1280","93.36","2125","56.24","1195(93.36)","1979(93.13)"
"7","Prefer not to answer","Female","22","51","43.14","1280","1.72","2125","1.04","22(1.72)","51(2.4)"
"8","*","*","*","*","*","*","*","*","*","*","*"
"1","secA_q12b","secA_q2 _.Male","secA_q2 _.Female","Total"
"2","Yes","32(3.79)","63(4.92)","95(4.47)"
"3","No","784(92.78)","1195(93.36)","1979(93.13)"
"4","Prefer not to answer","29(3.43)","22(1.72)","51(2.4)"
"5","*","*","*","*"
"1","secA_q12c","secA_q2","Freq","secA_q12c total","secA_q12c %","secA_q2 total","secA_q2 %","Grand total","Total %","secA_q2 _","row_sum"
"2","Yes","Male","64","138","46.38","845","7.57","2125","3.01","64(7.57)","138(6.49)"
"3","No","Male","759","1951","38.9","845","89.82","2125","35.72","759(89.82)","1951(91.81)"
"4","Prefer not to answer","Male","22","36","61.11","845","2.6","2125","1.04","22(2.6)","36(1.69)"
"5","Yes","Female","74","138","53.62","1280","5.78","2125","3.48","74(5.78)","138(6.49)"
"6","No","Female","1192","1951","61.1","1280","93.12","2125","56.09","1192(93.12)","1951(91.81)"
"7","Prefer not to answer","Female","14","36","38.89","1280","1.09","2125","0.66","14(1.09)","36(1.69)"
"8","*","*","*","*","*","*","*","*","*","*","*"
"1","secA_q12c","secA_q2 _.Male","secA_q2 _.Female","Total"
"2","Yes","64(7.57)","74(5.78)","138(6.49)"
"3","No","759(89.82)","1192(93.12)","1951(91.81)"
"4","Prefer not to answer","22(2.6)","14(1.09)","36(1.69)"
"5","*","*","*","*"
"1","secA_q12d","secA_q2","Freq","secA_q12d total","secA_q12d %","secA_q2 total","secA_q2 %","Grand total","Total %","secA_q2 _","row_sum"
"2","Yes","Male","6","12","50","845","0.71","2125","0.28","6(0.71)","12(0.56)"
"3","No","Male","817","2069","39.49","845","96.69","2125","38.45","817(96.69)","2069(97.36)"
"4","Prefer not to answer","Male","22","44","50","845","2.6","2125","1.04","22(2.6)","44(2.07)"
"5","Yes","Female","6","12","50","1280","0.47","2125","0.28","6(0.47)","12(0.56)"
"6","No","Female","1252","2069","60.51","1280","97.81","2125","58.92","1252(97.81)","2069(97.36)"
"7","Prefer not to answer","Female","22","44","50","1280","1.72","2125","1.04","22(1.72)","44(2.07)"
"8","*","*","*","*","*","*","*","*","*","*","*"
"1","secA_q12d","secA_q2 _.Male","secA_q2 _.Female","Total"
"2","Yes","6(0.71)","6(0.47)","12(0.56)"
"3","No","817(96.69)","1252(97.81)","2069(97.36)"
"4","Prefer not to answer","22(2.6)","22(1.72)","44(2.07)"
"5","*","*","*","*"
"1","secA_q12e","secA_q2","Freq","secA_q12e total","secA_q12e %","secA_q2 total","secA_q2 %","Grand total","Total %","secA_q2 _","row_sum"
"2","Yes","Male","13","40","32.5","845","1.54","2125","0.61","13(1.54)","40(1.88)"
"3","No","Male","809","2039","39.68","845","95.74","2125","38.07","809(95.74)","2039(95.95)"
"4","Prefer not to answer","Male","23","46","50","845","2.72","2125","1.08","23(2.72)","46(2.16)"
"5","Yes","Female","27","40","67.5","1280","2.11","2125","1.27","27(2.11)","40(1.88)"
"6","No","Female","1230","2039","60.32","1280","96.09","2125","57.88","1230(96.09)","2039(95.95)"
"7","Prefer not to answer","Female","23","46","50","1280","1.8","2125","1.08","23(1.8)","46(2.16)"
"8","*","*","*","*","*","*","*","*","*","*","*"
"1","secA_q12e","secA_q2 _.Male","secA_q2 _.Female","Total"
"2","Yes","13(1.54)","27(2.11)","40(1.88)"
"3","No","809(95.74)","1230(96.09)","2039(95.95)"
"4","Prefer not to answer","23(2.72)","23(1.8)","46(2.16)"
"5","*","*","*","*"
"1","secA_q12f","secA_q2","Freq","secA_q12f total","secA_q12f %","secA_q2 total","secA_q2 %","Grand total","Total %","secA_q2 _","row_sum"
"2","Yes","Male","22","52","42.31","845","2.6","2125","1.04","22(2.6)","52(2.45)"
"3","No","Male","802","2029","39.53","845","94.91","2125","37.74","802(94.91)","2029(95.48)"
"4","Prefer not to answer","Male","21","44","47.73","845","2.49","2125","0.99","21(2.49)","44(2.07)"
"5","Yes","Female","30","52","57.69","1280","2.34","2125","1.41","30(2.34)","52(2.45)"
"6","No","Female","1227","2029","60.47","1280","95.86","2125","57.74","1227(95.86)","2029(95.48)"
"7","Prefer not to answer","Female","23","44","52.27","1280","1.8","2125","1.08","23(1.8)","44(2.07)"
"8","*","*","*","*","*","*","*","*","*","*","*"
"1","secA_q12f","secA_q2 _.Male","secA_q2 _.Female","Total"
"2","Yes","22(2.6)","30(2.34)","52(2.45)"
"3","No","802(94.91)","1227(95.86)","2029(95.48)"
"4","Prefer not to answer","21(2.49)","23(1.8)","44(2.07)"
"5","*","*","*","*"
"1","secA_q12g","secA_q2","Freq","secA_q12g total","secA_q12g %","secA_q2 total","secA_q2 %","Grand total","Total %","secA_q2 _","row_sum"
"2","Yes","Male","25","40","62.5","845","2.96","2125","1.18","25(2.96)","40(1.88)"
"3","No","Male","798","2040","39.12","845","94.44","2125","37.55","798(94.44)","2040(96)"
"4","Prefer not to answer","Male","22","45","48.89","845","2.6","2125","1.04","22(2.6)","45(2.12)"
"5","Yes","Female","15","40","37.5","1280","1.17","2125","0.71","15(1.17)","40(1.88)"
"6","No","Female","1242","2040","60.88","1280","97.03","2125","58.45","1242(97.03)","2040(96)"
"7","Prefer not to answer","Female","23","45","51.11","1280","1.8","2125","1.08","23(1.8)","45(2.12)"
"8","*","*","*","*","*","*","*","*","*","*","*"
"1","secA_q12g","secA_q2 _.Male","secA_q2 _.Female","Total"
"2","Yes","25(2.96)","15(1.17)","40(1.88)"
"3","No","798(94.44)","1242(97.03)","2040(96)"
"4","Prefer not to answer","22(2.6)","23(1.8)","45(2.12)"
"5","*","*","*","*"
"1","secA_q13","secA_q2","Freq","secA_q13 total","secA_q13 %","secA_q2 total","secA_q2 %","Grand total","Total %","secA_q2 _","row_sum"
"2","Yes","Male","511","1344","38.02","845","60.47","2125","24.05","511(60.47)","1344(63.25)"
"3","No","Male","334","781","42.77","845","39.53","2125","15.72","334(39.53)","781(36.75)"
"4","Yes","Female","833","1344","61.98","1280","65.08","2125","39.2","833(65.08)","1344(63.25)"
"5","No","Female","447","781","57.23","1280","34.92","2125","21.04","447(34.92)","781(36.75)"
"6","*","*","*","*","*","*","*","*","*","*","*"
"1","secA_q13","secA_q2 _.Male","secA_q2 _.Female","Total"
"2","Yes","511(60.47)","833(65.08)","1344(63.25)"
"3","No","334(39.53)","447(34.92)","781(36.75)"
"4","*","*","*","*"
"1","secB_q14","secA_q2","Freq","secB_q14 total","secB_q14 %","secA_q2 total","secA_q2 %","Grand total","Total %","secA_q2 _","row_sum"
"2","Yes","Male","0","0","NaN","0","NaN","0","NaN","0(NaN)","0(0)"
"3","No","Male","0","0","NaN","0","NaN","0","NaN","0(NaN)","0(0)"
"4","N/A  (group is not relevant for me)","Male","0","0","NaN","0","NaN","0","NaN","0(NaN)","0(0)"
"5","Yes","Female","0","0","NaN","0","NaN","0","NaN","0(NaN)","0(0)"
"6","No","Female","0","0","NaN","0","NaN","0","NaN","0(NaN)","0(0)"
"7","N/A  (group is not relevant for me)","Female","0","0","NaN","0","NaN","0","NaN","0(NaN)","0(0)"
"8","*","*","*","*","*","*","*","*","*","*","*"
"1","secB_q14","secA_q2 _.Male","secA_q2 _.Female","Total"
"2","Yes","0(NaN)","0(NaN)","0(0)"
"3","No","0(NaN)","0(NaN)","0(0)"
"4","N/A  (group is not relevant for me)","0(NaN)","0(NaN)","0(0)"
"5","*","*","*","*"
"1","secB_q14a","secA_q2","Freq","secB_q14a total","secB_q14a %","secA_q2 total","secA_q2 %","Grand total","Total %","secA_q2 _","row_sum"
"2","Yes","Male","506","1135","44.58","845","59.88","2125","23.81","506(59.88)","1135(53.41)"
"3","No","Male","233","610","38.2","845","27.57","2125","10.96","233(27.57)","610(28.71)"
"4","N/A  (group is not relevant for me)","Male","106","380","27.89","845","12.54","2125","4.99","106(12.54)","380(17.88)"
"5","Yes","Female","629","1135","55.42","1280","49.14","2125","29.6","629(49.14)","1135(53.41)"
"6","No","Female","377","610","61.8","1280","29.45","2125","17.74","377(29.45)","610(28.71)"
"7","N/A  (group is not relevant for me)","Female","274","380","72.11","1280","21.41","2125","12.89","274(21.41)","380(17.88)"
"8","*","*","*","*","*","*","*","*","*","*","*"
"1","secB_q14a","secA_q2 _.Male","secA_q2 _.Female","Total"
"2","Yes","506(59.88)","629(49.14)","1135(53.41)"
"3","No","233(27.57)","377(29.45)","610(28.71)"
"4","N/A  (group is not relevant for me)","106(12.54)","274(21.41)","380(17.88)"
"5","*","*","*","*"
"1","secB_q14a_sp","secA_q2","Freq","secB_q14a_sp total","secB_q14a_sp %","secA_q2 total","secA_q2 %","Grand total","Total %","secA_q2 _","row_sum"
"2","Yes","Male","104","232","44.83","506","20.55","1135","9.16","104(20.55)","232(10.92)"
"3","No","Male","402","903","44.52","506","79.45","1135","35.42","402(79.45)","903(42.49)"
"4","Yes","Female","128","232","55.17","629","20.35","1135","11.28","128(20.35)","232(10.92)"
"5","No","Female","501","903","55.48","629","79.65","1135","44.14","501(79.65)","903(42.49)"
"6","*","*","*","*","*","*","*","*","*","*","*"
"1","secB_q14a_sp","secA_q2 _.Male","secA_q2 _.Female","Total"
"2","Yes","104(20.55)","128(20.35)","232(10.92)"
"3","No","402(79.45)","501(79.65)","903(42.49)"
"4","*","*","*","*"
"1","secB_q14b","secA_q2","Freq","secB_q14b total","secB_q14b %","secA_q2 total","secA_q2 %","Grand total","Total %","secA_q2 _","row_sum"
"2","Yes","Male","249","814","30.59","845","29.47","2125","11.72","249(29.47)","814(38.31)"
"3","No","Male","457","1049","43.57","845","54.08","2125","21.51","457(54.08)","1049(49.36)"
"4","N/A  (group is not relevant for me)","Male","139","262","53.05","845","16.45","2125","6.54","139(16.45)","262(12.33)"
"5","Yes","Female","565","814","69.41","1280","44.14","2125","26.59","565(44.14)","814(38.31)"
"6","No","Female","592","1049","56.43","1280","46.25","2125","27.86","592(46.25)","1049(49.36)"
"7","N/A  (group is not relevant for me)","Female","123","262","46.95","1280","9.61","2125","5.79","123(9.61)","262(12.33)"
"8","*","*","*","*","*","*","*","*","*","*","*"
"1","secB_q14b","secA_q2 _.Male","secA_q2 _.Female","Total"
"2","Yes","249(29.47)","565(44.14)","814(38.31)"
"3","No","457(54.08)","592(46.25)","1049(49.36)"
"4","N/A  (group is not relevant for me)","139(16.45)","123(9.61)","262(12.33)"
"5","*","*","*","*"
"1","secB_q14b_sp","secA_q2","Freq","secB_q14b_sp total","secB_q14b_sp %","secA_q2 total","secA_q2 %","Grand total","Total %","secA_q2 _","row_sum"
"2","Yes","Male","48","166","28.92","249","19.28","814","5.9","48(19.28)","166(7.81)"
"3","No","Male","201","648","31.02","249","80.72","814","24.69","201(80.72)","648(30.49)"
"4","Yes","Female","118","166","71.08","565","20.88","814","14.5","118(20.88)","166(7.81)"
"5","No","Female","447","648","68.98","565","79.12","814","54.91","447(79.12)","648(30.49)"
"6","*","*","*","*","*","*","*","*","*","*","*"
"1","secB_q14b_sp","secA_q2 _.Male","secA_q2 _.Female","Total"
"2","Yes","48(19.28)","118(20.88)","166(7.81)"
"3","No","201(80.72)","447(79.12)","648(30.49)"
"4","*","*","*","*"
"1","secB_q14c","secA_q2","Freq","secB_q14c total","secB_q14c %","secA_q2 total","secA_q2 %","Grand total","Total %","secA_q2 _","row_sum"
"2","Yes","Male","419","1132","37.01","845","49.59","2125","19.72","419(49.59)","1132(53.27)"
"3","No","Male","405","946","42.81","845","47.93","2125","19.06","405(47.93)","946(44.52)"
"4","N/A  (group is not relevant for me)","Male","21","47","44.68","845","2.49","2125","0.99","21(2.49)","47(2.21)"
"5","Yes","Female","713","1132","62.99","1280","55.7","2125","33.55","713(55.7)","1132(53.27)"
"6","No","Female","541","946","57.19","1280","42.27","2125","25.46","541(42.27)","946(44.52)"
"7","N/A  (group is not relevant for me)","Female","26","47","55.32","1280","2.03","2125","1.22","26(2.03)","47(2.21)"
"8","*","*","*","*","*","*","*","*","*","*","*"
"1","secB_q14c","secA_q2 _.Male","secA_q2 _.Female","Total"
"2","Yes","419(49.59)","713(55.7)","1132(53.27)"
"3","No","405(47.93)","541(42.27)","946(44.52)"
"4","N/A  (group is not relevant for me)","21(2.49)","26(2.03)","47(2.21)"
"5","*","*","*","*"
"1","secB_q14c_sp","secA_q2","Freq","secB_q14c_sp total","secB_q14c_sp %","secA_q2 total","secA_q2 %","Grand total","Total %","secA_q2 _","row_sum"
"2","Yes","Male","127","359","35.38","419","30.31","1132","11.22","127(30.31)","359(16.89)"
"3","No","Male","292","773","37.77","419","69.69","1132","25.8","292(69.69)","773(36.38)"
"4","Yes","Female","232","359","64.62","713","32.54","1132","20.49","232(32.54)","359(16.89)"
"5","No","Female","481","773","62.23","713","67.46","1132","42.49","481(67.46)","773(36.38)"
"6","*","*","*","*","*","*","*","*","*","*","*"
"1","secB_q14c_sp","secA_q2 _.Male","secA_q2 _.Female","Total"
"2","Yes","127(30.31)","232(32.54)","359(16.89)"
"3","No","292(69.69)","481(67.46)","773(36.38)"
"4","*","*","*","*"
"1","secB_q14d","secA_q2","Freq","secB_q14d total","secB_q14d %","secA_q2 total","secA_q2 %","Grand total","Total %","secA_q2 _","row_sum"
"2","Yes","Male","307","807","38.04","845","36.33","2125","14.45","307(36.33)","807(37.98)"
"3","No","Male","524","1273","41.16","845","62.01","2125","24.66","524(62.01)","1273(59.91)"
"4","N/A  (group is not relevant for me)","Male","14","45","31.11","845","1.66","2125","0.66","14(1.66)","45(2.12)"
"5","Yes","Female","500","807","61.96","1280","39.06","2125","23.53","500(39.06)","807(37.98)"
"6","No","Female","749","1273","58.84","1280","58.52","2125","35.25","749(58.52)","1273(59.91)"
"7","N/A  (group is not relevant for me)","Female","31","45","68.89","1280","2.42","2125","1.46","31(2.42)","45(2.12)"
"8","*","*","*","*","*","*","*","*","*","*","*"
"1","secB_q14d","secA_q2 _.Male","secA_q2 _.Female","Total"
"2","Yes","307(36.33)","500(39.06)","807(37.98)"
"3","No","524(62.01)","749(58.52)","1273(59.91)"
"4","N/A  (group is not relevant for me)","14(1.66)","31(2.42)","45(2.12)"
"5","*","*","*","*"
"1","secB_q14d_sp","secA_q2","Freq","secB_q14d_sp total","secB_q14d_sp %","secA_q2 total","secA_q2 %","Grand total","Total %","secA_q2 _","row_sum"
"2","Yes","Male","92","282","32.62","307","29.97","807","11.4","92(29.97)","282(13.27)"
"3","No","Male","215","525","40.95","307","70.03","807","26.64","215(70.03)","525(24.71)"
"4","Yes","Female","190","282","67.38","500","38","807","23.54","190(38)","282(13.27)"
"5","No","Female","310","525","59.05","500","62","807","38.41","310(62)","525(24.71)"
"6","*","*","*","*","*","*","*","*","*","*","*"
"1","secB_q14d_sp","secA_q2 _.Male","secA_q2 _.Female","Total"
"2","Yes","92(29.97)","190(38)","282(13.27)"
"3","No","215(70.03)","310(62)","525(24.71)"
"4","*","*","*","*"
"1","secB_q14e","secA_q2","Freq","secB_q14e total","secB_q14e %","secA_q2 total","secA_q2 %","Grand total","Total %","secA_q2 _","row_sum"
"2","Yes","Male","132","375","35.2","845","15.62","2125","6.21","132(15.62)","375(17.65)"
"3","No","Male","689","1680","41.01","845","81.54","2125","32.42","689(81.54)","1680(79.06)"
"4","N/A  (group is not relevant for me)","Male","24","70","34.29","845","2.84","2125","1.13","24(2.84)","70(3.29)"
"5","Yes","Female","243","375","64.8","1280","18.98","2125","11.44","243(18.98)","375(17.65)"
"6","No","Female","991","1680","58.99","1280","77.42","2125","46.64","991(77.42)","1680(79.06)"
"7","N/A  (group is not relevant for me)","Female","46","70","65.71","1280","3.59","2125","2.16","46(3.59)","70(3.29)"
"8","*","*","*","*","*","*","*","*","*","*","*"
"1","secB_q14e","secA_q2 _.Male","secA_q2 _.Female","Total"
"2","Yes","132(15.62)","243(18.98)","375(17.65)"
"3","No","689(81.54)","991(77.42)","1680(79.06)"
"4","N/A  (group is not relevant for me)","24(2.84)","46(3.59)","70(3.29)"
"5","*","*","*","*"
"1","secB_q14e_sp","secA_q2","Freq","secB_q14e_sp total","secB_q14e_sp %","secA_q2 total","secA_q2 %","Grand total","Total %","secA_q2 _","row_sum"
"2","Yes","Male","61","182","33.52","132","46.21","375","16.27","61(46.21)","182(8.56)"
"3","No","Male","71","193","36.79","132","53.79","375","18.93","71(53.79)","193(9.08)"
"4","Yes","Female","121","182","66.48","243","49.79","375","32.27","121(49.79)","182(8.56)"
"5","No","Female","122","193","63.21","243","50.21","375","32.53","122(50.21)","193(9.08)"
"6","*","*","*","*","*","*","*","*","*","*","*"
"1","secB_q14e_sp","secA_q2 _.Male","secA_q2 _.Female","Total"
"2","Yes","61(46.21)","121(49.79)","182(8.56)"
"3","No","71(53.79)","122(50.21)","193(9.08)"
"4","*","*","*","*"
"1","selected_region","secA_q2 _.Male","secA_q2 _.Female","Total"
"2","North Eastern","27(3.2)","45(3.52)","72(3.39)"
"3","Coast","62(7.34)","97(7.58)","159(7.48)"
"4","Upper Eastern","37(4.38)","45(3.52)","82(3.86)"
"5","Rift - Valley","82(9.7)","130(10.16)","212(9.98)"
"6","South Rift","80(9.47)","126(9.84)","206(9.69)"
"7","Western","85(10.06)","141(11.02)","226(10.64)"
"8","Nyanza","213(25.21)","306(23.91)","519(24.42)"
"9","Central","79(9.35)","119(9.3)","198(9.32)"
"10","Lower Eastern","37(4.38)","79(6.17)","116(5.46)"
"11","Nairobi","143(16.92)","192(15)","335(15.76)"
"12","*","*","*","*"
"1","Q73","secA_q2 _.Male","secA_q2 _.Female","Total"
"2","Yes","39(4.62)","41(3.2)","80(3.76)"
"3","No","771(91.24)","1207(94.3)","1978(93.08)"
"4","Prefer not to answer","35(4.14)","32(2.5)","67(3.15)"
"5","*","*","*","*"
"1","Q73","secA_q2 _.Male","secA_q2 _.Female","Total"
"2","Yes","39(4.62)","41(3.2)","80(3.76)"
"3","No","771(91.24)","1207(94.3)","1978(93.08)"
"4","Prefer not to answer","35(4.14)","32(2.5)","67(3.15)"
"5","*","*","*","*"
"1","Q68","secA_q2 _.Male","secA_q2 _.Female","Total"
"2","Yes","129(15.27)","313(24.45)","442(20.8)"
"3","No","664(78.58)","904(70.62)","1568(73.79)"
"4","Prefer not to answer","52(6.15)","63(4.92)","115(5.41)"
"5","*","*","*","*"
"1","Q69","secA_q2 _.Male","secA_q2 _.Female","Total"
"2","Yes","75(8.88)","236(18.44)","311(14.64)"
"3","No","710(84.02)","985(76.95)","1695(79.76)"
"4","Prefer not to answer","60(7.1)","59(4.61)","119(5.6)"
"5","*","*","*","*"
"1","Q60","secA_q2 _.Male","secA_q2 _.Female","Total"
"2","Women who have sex with women","0(0)","29(2.29)","29(1.36)"
"3","Lesbian/gay","5(18.52)","9(0.71)","14(0.66)"
"4","Bisexual","4(14.81)","23(1.82)","27(1.27)"
"5","None of the above","18(66.67)","1206(95.19)","1224(57.6)"
"6","*","*","*","*"
"1","Q61","secA_q2 _.Male","secA_q2 _.Female","Total"
"2","Yes","1(5.56)","15(1.24)","16(0.75)"
"3","No","12(66.67)","1133(93.95)","1145(53.88)"
"4","Prefer not to answer","5(27.78)","58(4.81)","63(2.96)"
"5","*","*","*","*"
"1","Q56","secA_q2 _.Male","secA_q2 _.Female","Total"
"2","Yes","5(0.74)","1(14.29)","6(0.28)"
"3","No","629(93.19)","4(57.14)","633(29.79)"
"4","Prefer not to answer","41(6.07)","2(28.57)","43(2.02)"
"5","*","*","*","*"
"1","Q55","secA_q2 _.Male","secA_q2 _.Female","Total"
"2","MSM; If yes, Go to Q57","71(8.66)","0(0)","71(3.34)"
"3","Gay/homosexual; If yes, Go to Q57","45(5.49)","0(0)","45(2.12)"
"4","Bisexual; If yes, Go to Q65","29(3.54)","1(12.5)","30(1.41)"
"5","None of the above; Go to Q56","675(82.32)","7(87.5)","682(32.09)"
"6","*","*","*","*"
"1","secA_q3","secA_q2 _.Male","secA_q2 _.Female","Total"
"2","Female","19(2.25)","1261(98.52)","1280(60.24)"
"3","Male","812(96.09)","2(0.16)","814(38.31)"
"4","Transgender","8(0.95)","6(0.47)","14(0.66)"
"5","Do not identify as female, male, or transgender","1(0.12)","9(0.7)","10(0.47)"
"6","Prefer not to answer","5(0.59)","2(0.16)","7(0.33)"
"7","*","*","*","*"
"1","secA_q9","secA_q2 _.Male","secA_q2 _.Female","Total"
"2","No formal education","38(4.5)","111(8.67)","149(7.01)"
"3","Primary/elementary/local equivalent","266(31.48)","509(39.77)","775(36.47)"
"4","Secondary/high school/local equivalent","351(41.54)","445(34.77)","796(37.46)"
"5","Trade/vocational school","62(7.34)","77(6.02)","139(6.54)"
"6","University/tertiary education","128(15.15)","138(10.78)","266(12.52)"
"7","*","*","*","*"
"1","secA_q8","secA_q2 _.Male","secA_q2 _.Female","Total"
"2","Yes","95(11.24)","101(7.89)","196(9.22)"
"3","No","750(88.76)","1179(92.11)","1929(90.78)"
"4","*","*","*","*"
"1","secA_q5","secA_q2 _.Male","secA_q2 _.Female","Total"
"2","Yes","633(74.91)","819(63.98)","1452(68.33)"
"3","No","212(25.09)","461(36.02)","673(31.67)"
"4","*","*","*","*"
"1","secA_q6","secA_q2 _.Male","secA_q2 _.Female","Total"
"2","Yes, my partner(s) is also HIV-positive","407(64.3)","437(53.36)","844(39.72)"
"3","No, my partner(s) is not HIV-positive","150(23.7)","260(31.75)","410(19.29)"
"4","Unsure about the HIV status of my partner(s)","76(12.01)","122(14.9)","198(9.32)"
"5","*","*","*","*"
"1","secA_q13","secA_q2 _.Male","secA_q2 _.Female","Total"
"2","Yes","511(60.47)","833(65.08)","1344(63.25)"
"3","No","334(39.53)","447(34.92)","781(36.75)"
"4","*","*","*","*"
"1","secA_q10","secA_q2 _.Male","secA_q2 _.Female","Total"
"2","In full-time work (as an employee)","94(11.12)","114(8.91)","208(9.79)"
"3","In part-time work (as an employee)","114(13.49)","150(11.72)","264(12.42)"
"4","Working full-time, but not as an employee (self-employed or business owner)","124(14.67)","172(13.44)","296(13.93)"
"5","Doing casual or part-time work (self-employed or paid work for others)","247(29.23)","354(27.66)","601(28.28)"
"6","Unemployed","266(31.48)","490(38.28)","756(35.58)"
"7","*","*","*","*"
"1","secA_q11","secA_q2 _.Male","secA_q2 _.Female","Total"
"2","Never","120(14.2)","213(16.64)","333(15.67)"
"3","Some of the time","564(66.75)","825(64.45)","1389(65.36)"
"4","Most of the time","161(19.05)","242(18.91)","403(18.96)"
"5","*","*","*","*"
"1","secA_q12","secA_q2 _.Male","secA_q2 _.Female","Total"
"2","Yes","0(NaN)","0(NaN)","0(0)"
"3","No","0(NaN)","0(NaN)","0(0)"
"4","Prefer not to answer","0(NaN)","0(NaN)","0(0)"
"5","*","*","*","*"
"1","secA_q12a","secA_q2 _.Male","secA_q2 _.Female","Total"
"2","Yes","171(20.24)","299(23.36)","470(22.12)"
"3","No","657(77.75)","965(75.39)","1622(76.33)"
"4","Prefer not to answer","17(2.01)","16(1.25)","33(1.55)"
"5","*","*","*","*"
"1","secA_q12b","secA_q2 _.Male","secA_q2 _.Female","Total"
"2","Yes","32(3.79)","63(4.92)","95(4.47)"
"3","No","784(92.78)","1195(93.36)","1979(93.13)"
"4","Prefer not to answer","29(3.43)","22(1.72)","51(2.4)"
"5","*","*","*","*"
"1","secA_q12c","secA_q2 _.Male","secA_q2 _.Female","Total"
"2","Yes","64(7.57)","74(5.78)","138(6.49)"
"3","No","759(89.82)","1192(93.12)","1951(91.81)"
"4","Prefer not to answer","22(2.6)","14(1.09)","36(1.69)"
"5","*","*","*","*"
"1","secA_q12d","secA_q2 _.Male","secA_q2 _.Female","Total"
"2","Yes","6(0.71)","6(0.47)","12(0.56)"
"3","No","817(96.69)","1252(97.81)","2069(97.36)"
"4","Prefer not to answer","22(2.6)","22(1.72)","44(2.07)"
"5","*","*","*","*"
"1","secA_q12e","secA_q2 _.Male","secA_q2 _.Female","Total"
"2","Yes","13(1.54)","27(2.11)","40(1.88)"
"3","No","809(95.74)","1230(96.09)","2039(95.95)"
"4","Prefer not to answer","23(2.72)","23(1.8)","46(2.16)"
"5","*","*","*","*"
"1","secA_q12f","secA_q2 _.Male","secA_q2 _.Female","Total"
"2","Yes","22(2.6)","30(2.34)","52(2.45)"
"3","No","802(94.91)","1227(95.86)","2029(95.48)"
"4","Prefer not to answer","21(2.49)","23(1.8)","44(2.07)"
"5","*","*","*","*"
"1","secA_q12g","secA_q2 _.Male","secA_q2 _.Female","Total"
"2","Yes","25(2.96)","15(1.17)","40(1.88)"
"3","No","798(94.44)","1242(97.03)","2040(96)"
"4","Prefer not to answer","22(2.6)","23(1.8)","45(2.12)"
"5","*","*","*","*"
"1","secB_q14a","secA_q2 _.Male","secA_q2 _.Female","Total"
"2","Yes","506(59.88)","629(49.14)","1135(53.41)"
"3","No","233(27.57)","377(29.45)","610(28.71)"
"4","N/A  (group is not relevant for me)","106(12.54)","274(21.41)","380(17.88)"
"5","*","*","*","*"
"1","secB_q14b","secA_q2 _.Male","secA_q2 _.Female","Total"
"2","Yes","249(29.47)","565(44.14)","814(38.31)"
"3","No","457(54.08)","592(46.25)","1049(49.36)"
"4","N/A  (group is not relevant for me)","139(16.45)","123(9.61)","262(12.33)"
"5","*","*","*","*"
"1","secB_q14c","secA_q2 _.Male","secA_q2 _.Female","Total"
"2","Yes","419(49.59)","713(55.7)","1132(53.27)"
"3","No","405(47.93)","541(42.27)","946(44.52)"
"4","N/A  (group is not relevant for me)","21(2.49)","26(2.03)","47(2.21)"
"5","*","*","*","*"
"1","secB_q14d","secA_q2 _.Male","secA_q2 _.Female","Total"
"2","Yes","307(36.33)","500(39.06)","807(37.98)"
"3","No","524(62.01)","749(58.52)","1273(59.91)"
"4","N/A  (group is not relevant for me)","14(1.66)","31(2.42)","45(2.12)"
"5","*","*","*","*"
"1","secB_q14e","secA_q2 _.Male","secA_q2 _.Female","Total"
"2","Yes","132(15.62)","243(18.98)","375(17.65)"
"3","No","689(81.54)","991(77.42)","1680(79.06)"
"4","N/A  (group is not relevant for me)","24(2.84)","46(3.59)","70(3.29)"
"5","*","*","*","*"
"1","secB_q14f","secA_q2 _.Male","secA_q2 _.Female","Total"
"2","Yes","120(14.2)","165(12.89)","285(13.41)"
"3","No","471(55.74)","667(52.11)","1138(53.55)"
"4","N/A  (group is not relevant for me)","254(30.06)","448(35)","702(33.04)"
"5","*","*","*","*"
"1","secB_q14g","secA_q2 _.Male","secA_q2 _.Female","Total"
"2","Yes","119(14.08)","167(13.05)","286(13.46)"
"3","No","490(57.99)","661(51.64)","1151(54.16)"
"4","N/A  (group is not relevant for me)","236(27.93)","452(35.31)","688(32.38)"
"5","*","*","*","*"
"1","secB_q14h","secA_q2 _.Male","secA_q2 _.Female","Total"
"2","Yes","22(2.6)","24(1.88)","46(2.16)"
"3","No","444(52.54)","618(48.28)","1062(49.98)"
"4","N/A  (group is not relevant for me)","379(44.85)","638(49.84)","1017(47.86)"
"5","*","*","*","*"
"1","secB_q14i","secA_q2 _.Male","secA_q2 _.Female","Total"
"2","Yes","13(1.54)","27(2.11)","40(1.88)"
"3","No","446(52.78)","608(47.5)","1054(49.6)"
"4","N/A  (group is not relevant for me)","386(45.68)","645(50.39)","1031(48.52)"
"5","*","*","*","*"
"1","secB_q14j","secA_q2 _.Male","secA_q2 _.Female","Total"
"2","Yes","80(9.47)","145(11.33)","225(10.59)"
"3","No","575(68.05)","832(65)","1407(66.21)"
"4","N/A  (group is not relevant for me)","190(22.49)","303(23.67)","493(23.2)"
"5","*","*","*","*"
"1","secB_q14a_sp","secA_q2 _.Male","secA_q2 _.Female","Total"
"2","Yes","104(20.55)","128(20.35)","232(10.92)"
"3","No","402(79.45)","501(79.65)","903(42.49)"
"4","*","*","*","*"
"1","secB_q14b_sp","secA_q2 _.Male","secA_q2 _.Female","Total"
"2","Yes","48(19.28)","118(20.88)","166(7.81)"
"3","No","201(80.72)","447(79.12)","648(30.49)"
"4","*","*","*","*"
"1","secB_q14c_sp","secA_q2 _.Male","secA_q2 _.Female","Total"
"2","Yes","127(30.31)","232(32.54)","359(16.89)"
"3","No","292(69.69)","481(67.46)","773(36.38)"
"4","*","*","*","*"
"1","secB_q14d_sp","secA_q2 _.Male","secA_q2 _.Female","Total"
"2","Yes","92(29.97)","190(38)","282(13.27)"
"3","No","215(70.03)","310(62)","525(24.71)"
"4","*","*","*","*"
"1","secB_q14e_sp","secA_q2 _.Male","secA_q2 _.Female","Total"
"2","Yes","61(46.21)","121(49.79)","182(8.56)"
"3","No","71(53.79)","122(50.21)","193(9.08)"
"4","*","*","*","*"
"1","secB_q14f_sp","secA_q2 _.Male","secA_q2 _.Female","Total"
"2","Yes","18(15)","43(26.06)","61(2.87)"
"3","No","102(85)","122(73.94)","224(10.54)"
"4","*","*","*","*"
"1","secB_q14g_sp","secA_q2 _.Male","secA_q2 _.Female","Total"
"2","Yes","17(14.29)","53(31.74)","70(3.29)"
"3","No","102(85.71)","114(68.26)","216(10.16)"
"4","*","*","*","*"
"1","secB_q14h_sp","secA_q2 _.Male","secA_q2 _.Female","Total"
"2","Yes","11(50)","9(37.5)","20(0.94)"
"3","No","11(50)","15(62.5)","26(1.22)"
"4","*","*","*","*"
"1","secB_q14i_sp","secA_q2 _.Male","secA_q2 _.Female","Total"
"2","Yes","9(69.23)","11(40.74)","20(0.94)"
"3","No","4(30.77)","16(59.26)","20(0.94)"
"4","*","*","*","*"
"1","secB_q14j_sp","secA_q2 _.Male","secA_q2 _.Female","Total"
"2","Yes","28(35)","56(38.62)","84(3.95)"
"3","No","52(65)","89(61.38)","141(6.64)"
"4","*","*","*","*"
"1","secB_q15a","secA_q2 _.Male","secA_q2 _.Female","Total"
"2","Agree","401(47.46)","607(47.42)","1008(47.44)"
"3","Somewhat agree","150(17.75)","254(19.84)","404(19.01)"
"4","Disagree","260(30.77)","374(29.22)","634(29.84)"
"5","N/A","34(4.02)","45(3.52)","79(3.72)"
"6","*","*","*","*"
"1","secB_q15b","secA_q2 _.Male","secA_q2 _.Female","Total"
"2","Agree","392(46.39)","578(45.16)","970(45.65)"
"3","Somewhat agree","171(20.24)","260(20.31)","431(20.28)"
"4","Disagree","237(28.05)","390(30.47)","627(29.51)"
"5","N/A","45(5.33)","52(4.06)","97(4.56)"
"6","*","*","*","*"
"1","secB_q15c","secA_q2 _.Male","secA_q2 _.Female","Total"
"2","Agree","149(17.63)","261(20.39)","410(19.29)"
"3","Somewhat agree","132(15.62)","221(17.27)","353(16.61)"
"4","Disagree","481(56.92)","678(52.97)","1159(54.54)"
"5","N/A","83(9.82)","120(9.38)","203(9.55)"
"6","*","*","*","*"
"1","secB_q15d","secA_q2 _.Male","secA_q2 _.Female","Total"
"2","Agree","131(15.5)","224(17.5)","355(16.71)"
"3","Somewhat agree","138(16.33)","220(17.19)","358(16.85)"
"4","Disagree","471(55.74)","693(54.14)","1164(54.78)"
"5","N/A","105(12.43)","143(11.17)","248(11.67)"
"6","*","*","*","*"
"1","secB_q15e","secA_q2 _.Male","secA_q2 _.Female","Total"
"2","Agree","275(32.54)","498(38.91)","773(36.38)"
"3","Somewhat agree","134(15.86)","197(15.39)","331(15.58)"
"4","Disagree","385(45.56)","533(41.64)","918(43.2)"
"5","N/A","51(6.04)","52(4.06)","103(4.85)"
"6","*","*","*","*"
